Workbook

Sheet Instruções
A1: Registo de Incidentes NIS2 — Art. 23.º DL 125/2025 | Instruções
A2: Objetivo: Registar, acompanhar e reportar todos os incidentes de cibersegurança relevantes, cumprindo os prazos legais do DL 125/2025 (NIS2) e os procedimentos SANS de resposta a incidentes.
A4: Prazos legais (Art. 23.º DL 125/2025):
A5: 24 horas — Notificação prévia ao CNCS (Centro Nacional de Cibersegurança) após deteção de incidente significativo
A6: 72 horas — Notificação atualizada com detalhes adicionais ao CNCS
A7: 30 dias — Relatório final ao CNCS com análise completa, impacto e medidas tomadas
A8: 72 horas — Notificação à CNPD se houver violação de dados pessoais (Art. 33.º RGPD)
A10: Severidade (SANS):
A11: crítico — Paragem completa de operações críticas, exfiltração de dados, ransomware ativo
A12: alto — Impacto significativo em sistemas importantes, propagação ativa
A13: médio — Incidente contido, impacto moderado, sem exfiltração confirmada
A14: baixo — Tentativa falhada ou incidente de impacto negligenciável
... A29: Versão: 1.0 — Abril 2026 | Base legal: DL 125/2025 (transpõe Diretiva NIS2 2022/2555)

Sheet Incidentes
A1: Registo de Incidentes NIS2 — Art. 23.º DL 125/2025
A2: ID Incidente | B2: Data Detecção | C2: Data Início Estimada | D2: Descrição | E2: Categoria | F2: Severidade | G2: Sistema Afetado | H2: Vetor de Ataque | I2: Impacto C/I/A/DP | J2: Notif. CNCS (S/N) | K2: Prazo CNCS 24h | L2: Notif. CNPD | M2: Estado | N2: IC Responsável | O2: MTTR (horas) | P2: Causa Raiz | Q2: Lições Aprendidas | R2: Custo Estimado (€)
A3: INC-2026-001 | B3: 2026-01-05 | C3: 2026-01-04 | D3: Ransomware LockBit detetado em servidor de ficheiros — 3 VMs cifradas | E3: malware | F3: crítico | G3: Servidor ficheiros — FS01 | H3: Email phishing com anexo macro | I3: C:4 I:4 A:4 DP:Sim | J3: Sim | K3: 2026-01-06 | L3: Sim | M3: fechado | N3: Ana Ferreira | O3: 72 | P3: Ausência de segmentação de rede e backup offline | Q3: Implementar VLAN isolada; reforçar backup imutável; treino anti-phishing | R3: 285000
A4: INC-2026-002 | B4: 2026-01-18 | C4: 2026-01-18 | D4: Tentativa de acesso ao painel admin ERP com credenciais comprometidas | E4: intrusão | F4: alto | G4: ERP SAP — Produção | H4: Credential stuffing via Internet | I4: C:3 I:2 A:1 DP:Não | J4: Sim | K4: 2026-01-19 | L4: Não | M4: fechado | N4: Bruno Carvalho | O4: 8 | P4: Reutilização de passwords em serviços externos | Q4: Forçar política de passwords únicas; MFA em todos os sistemas ERP | R4: 4500
A5: INC-2026-003 | B5: 2026-01-25 | C5: 2026-01-25 | D5: DDoS volumétrico — 18 Gbps — contra portal clientes (4h de indisponibilidade) | E5: DDoS | F5: alto | G5: Portal clientes — público | H5: Botnet Mirai | I5: C:1 I:1 A:4 DP:Não | J5: Sim | K5: 2026-01-26 | L5: Não | M5: fechado | N5: Carlos Silva | O5: 4 | P5: Ausência de proteção DDoS no datacenter | Q5: Contratar Cloudflare DDoS mitigation; SLA com ISP para blackholing | R5: 12000
A6: INC-2026-004 | B6: 2026-02-02 | C6: 2026-02-01 | D6: Phishing direcionado ao CFO — tentativa BEC para transferência 150k€ | E6: phishing | F6: crítico | G6: Email corporativo CFO | H6: Spear-phishing BEC | I6: C:3 I:2 A:1 DP:Não | J6: Sim | K6: 2026-02-03 | L6: Não | M6: fechado | N6: Ana Ferreira | O6: 2 | P6: Ausência de verificação out-of-band para transferências | Q6: Implementar processo dual-approval; treino executivo; DMARC enforcement | R6: 0
A7: INC-2026-005 | B7: 2026-02-10 | C7: 2026-02-05 | D7: Exfiltração de dados de clientes por colaborador em saída — 2.400 registos | E7: insider | F7: crítico | G7: CRM Salesforce — dados clientes | H7: Acesso legítimo com intenção maliciosa | I7: C:4 I:2 A:1 DP:Sim | J7: Sim | K7: 2026-02-11 | L7: Sim | M7: fechado | N7: Dora Mendes | O7: 24 | P7: Ausência de DLP e monitorização de transferências em volume | Q7: DLP Salesforce ativo; alertas de exportação >100 registos; offboarding rápido | R7: 95000
A8: INC-2026-006 | B8: 2026-02-20 | C8: 2026-02-20 | D8: Update SolarWinds trojanizado descoberto em ambiente de monitorização | E8: supply-chain | F8: crítico | G8: SIEM Splunk — colector | H8: Supply chain — software comprometido | I8: C:3 I:3 A:2 DP:Não | J8: Sim | K8: 2026-02-21 | L8: Não | M8: fechado | N8: Bruno Carvalho | O8: 48 | P8: Ausência de verificação de integridade de software de terceiros | Q8: Verificação hash obrigatória; inventário componentes software (SBOM) | R8: 18000
A9: INC-2026-007 | B9: 2026-03-03 | C9: 2026-03-02 | D9: Acesso não autorizado a VPN com conta de serviço desativada | E9: intrusão | F9: médio | G9: VPN Fortinet | H9: Conta de serviço não revogada | I9: C:2 I:1 A:1 DP:Não | J9: Não | L9: Não | M9: fechado | N9: Carlos Silva | O9: 3 | P9: Falha no processo de offboarding de conta técnica | Q9: Automatizar revogação contas serviço; revisão trimestral contas privilegiadas | R9: 800
A10: INC-2026-008 | B10: 2026-03-12 | C10: 2026-03-10 | D10: Malware infostealer em workstation RH — dados pessoais potencialmente expostos | E10: malware | F10: alto | G10: Workstation RH-WS-04 | H10: Download não autorizado de software | I10: C:4 I:2 A:2 DP:Sim | J10: Sim | K10: 2026-03-13 | L10: Sim | M10: fechado | N10: Dora Mendes | O10: 12 | P10: Ausência de restrição de downloads e execução de software não aprovado | Q10: Application whitelisting; bloqueio USB; EDR regras reforçadas | R10: 22000
A11: INC-2026-009 | B11: 2026-03-20 | C11: 2026-03-20 | D11: Tentativa de SQL injection em API REST pública — bloqueada por WAF | E11: intrusão | F11: baixo | G11: API Gateway — pública | H11: SQL injection automatizado | I11: C:1 I:1 A:1 DP:Não | J11: Não | L11: Não | M11: fechado | N11: Carlos Silva | O11: 0 | P11: Ausência de rate limiting agressivo na API | Q11: Rate limiting + CAPTCHA + regras WAF atualizadas | R11: 200
A12: INC-2026-010 | B12: 2026-04-01 | C12: 2026-04-01 | D12: Expiração certificado SSL — indisponibilidade HTTPS portal durante 45 minutos | E12: outro | F12: médio | G12: Portal institucional | H12: Gestão deficiente de certificados | I12: C:1 I:1 A:3 DP:Não | J12: Não | L12: Não | M12: fechado | N12: Bruno Carvalho | O12: 1 | P12: Ausência de monitorização e alertas automáticos de expiração | Q12: Plataforma gestão certificados com alertas 30/14/7 dias antes | R12: 500
A13: INC-2026-011 | B13: 2026-04-05 | C13: 2026-04-04 | D13: Ransomware Clop em subsidiária — propagação bloqueada na firewall perimetral | E13: malware | F13: crítico | G13: Subsidiária Lisboa — rede isolada | H13: Email phishing | I13: C:3 I:4 A:4 DP:Não | J13: Sim | K13: 2026-04-06 | L13: Não | M13: contido | N13: Ana Ferreira | O13: 36 | P13: Segmentação insuficiente entre rede sede e subsidiária | Q13: Revisão arquitectura rede; zero-trust entre entidades do grupo | R13: 140000
A14: INC-2026-012 | B14: 2026-04-08 | C14: 2026-04-08 | D14: Flooding SMTP — 50.000 emails spam enviados a partir de conta comprometida | E14: outro | F14: médio | G14: Exchange Online — SMTP relay | H14: Credential compromise + SMTP relay aberto | I14: C:2 I:1 A:2 DP:Não | J14: Não | L14: Não | M14: erradicado | N14: Carlos Silva | O14: 5 | P14: SMTP relay sem autenticação reforçada | Q14: Desativar SMTP relay legacy; MFA obrigatório; alerta volume envio | R14: 1200
A15: INC-2026-013 | B15: 2026-04-10 | C15: 2026-04-10 | D15: Vulnerabilidade crítica CVE-2024-21413 — Office — explorada em campanha phishing | E15: malware | F15: alto | G15: Workstations — Microsoft Office | H15: Phishing com exploit Office | I15: C:3 I:2 A:1 DP:Não | J15: Sim | K15: 2026-04-11 | L15: Não | M15: erradicado | N15: Dora Mendes | O15: 18 | P15: Atraso na aplicação de patches críticos | Q15: Patch SLA: crítico <24h; alto <72h; WSUS enforcement | R15: 8500
A16: INC-2026-014 | B16: 2026-04-12 | C16: 2026-04-11 | D16: Acesso não autorizado API partner — token JWT não revogado após offboarding | E16: intrusão | F16: médio | G16: API parceiros — produção | H16: Token JWT sem expiração forçada | I16: C:3 I:2 A:1 DP:Não | J16: Não | L16: Não | M16: recuperado | N16: Bruno Carvalho | O16: 6 | P16: Ausência de TTL obrigatório em tokens JWT e processo offboarding parceiros | Q16: Token rotation automática; offboarding checklist parceiros | R16: 3200
A17: INC-2026-015 | B17: 2026-04-14 | C17: 2026-04-14 | D17: Phishing massivo — 450 colaboradores visados, 12 clicaram, 2 submeteram credenciais | E17: phishing | F17: alto | G17: Email corporativo | H17: Phishing kit imitação Microsoft 365 | I17: C:3 I:1 A:1 DP:Não | J17: Não | L17: Não | M17: aberto | N17: Ana Ferreira | O17: 0 | P17: Baixa maturidade anti-phishing colaboradores | Q17: Simulação phishing mensal; treino obrigatório recorrentes | R17: 2100
A18: INC-2026-016 | B18: 2026-04-15 | C18: 2026-04-14 | D18: Anomalia tráfego outbound suspeito de servidor BD — investigação em curso | E18: malware | F18: alto | G18: Servidor BD-PROD-02 | H18: Suspeita de C2 callback | I18: C:4 I:2 A:2 DP:Sim | J18: Sim | K18: 2026-04-16 | L18: Sim | M18: aberto | N18: Carlos Silva | O18: 0 | P18: Em investigação | Q18: Em investigação
A19: INC-2026-017 | B19: 2026-02-28 | C19: 2026-02-27 | D19: Falha backup — 48h sem backup válido de BD produção | E19: outro | F19: médio | G19: Sistema backup Veeam | H19: Erro configuração retenção | I19: C:1 I:2 A:3 DP:Não | J19: Não | L19: Não | M19: fechado | N19: Bruno Carvalho | O19: 4 | P19: Falta de monitorização activa de jobs de backup | Q19: Alertas imediatos falha backup; verificação diária automatizada | R19: 0
A20: INC-2026-018 | B20: 2026-03-05 | C20: 2026-03-05 | D20: Tentativa de brute force SSH em servidor Linux de desenvolvimento | E20: intrusão | F20: baixo | G20: Servidor DEV-LNX-01 | H20: Brute force automatizado | I20: C:1 I:1 A:1 DP:Não | J20: Não | L20: Não | M20: fechado | N20: Dora Mendes | O20: 1 | P20: Porta SSH exposta à Internet | Q20: Mover SSH para VPN only; fail2ban configurado; chave pública obrigatória | R20: 100
A21: INC-2026-019 | B21: 2026-03-28 | C21: 2026-03-28 | D21: Indisponibilidade Azure AD — 3h — impacto em autenticação de 280 utilizadores | E21: outro | F21: alto | G21: Azure AD — Microsoft 365 | H21: Incidente fornecedor Microsoft | I21: C:1 I:1 A:4 DP:Não | J21: Não | L21: Não | M21: fechado | N21: Carlos Silva | O21: 3 | P21: Dependência total de IdP cloud sem fallback | Q21: Avaliar federated IdP local como fallback; SLA Microsoft review | R21: 4800
A22: INC-2026-020 | B22: 2026-04-16 | C22: 2026-04-15 | D22: Scan externo agressivo — 15.000 tentativas/min contra perímetro | E22: intrusão | F22: baixo | G22: Firewall perimetral — Palo Alto | H22: Scan automatizado externo | I22: C:1 I:1 A:1 DP:Não | J22: Não | L22: Não | M22: aberto | N22: Bruno Carvalho | O22: 0

Sheet KPIs
A1: KPIs de Gestão de Incidentes NIS2 — Resumo Executivo
A2: INDICADOR | B2: VALOR | C2: CATEGORIA | D2: CONTAGEM
A3: Total incidentes registados | B3: =COUNTA(Incidentes!A3:A1000)-COUNTIF(Incidentes!A3:A1000,"") | C3: malware | D3: =COUNTIF(Incidentes!E:E,"malware")
A4: Incidentes críticos | B4: =COUNTIF(Incidentes!F:F,"crítico") | C4: intrusão | D4: =COUNTIF(Incidentes!E:E,"intrusão")
A5: Incidentes altos | B5: =COUNTIF(Incidentes!F:F,"alto") | C5: DDoS | D5: =COUNTIF(Incidentes!E:E,"DDoS")
A6: Incidentes médios | B6: =COUNTIF(Incidentes!F:F,"médio") | C6: phishing | D6: =COUNTIF(Incidentes!E:E,"phishing")
A7: Incidentes baixos | B7: =COUNTIF(Incidentes!F:F,"baixo") | C7: insider | D7: =COUNTIF(Incidentes!E:E,"insider")
A8: Incidentes abertos | B8: =COUNTIF(Incidentes!M:M,"aberto") | C8: supply-chain | D8: =COUNTIF(Incidentes!E:E,"supply-chain")
A9: Incidentes fechados | B9: =COUNTIF(Incidentes!M:M,"fechado") | C9: outro | D9: =COUNTIF(Incidentes!E:E,"outro")
A10: Notificações CNCS efetuadas | B10: =COUNTIF(Incidentes!J:J,"Sim")
A11: Notificações CNPD efetuadas | B11: =COUNTIF(Incidentes!L:L,"Sim")
A12: MTTR médio (horas) | B12: =IFERROR(AVERAGEIF(Incidentes!O3:O1000,"<>",""),0)
A13: Custo estimado total (€) | B13: =IFERROR(SUM(Incidentes!R3:R1000),0)

Sheet Notificações
A1: Tracker de Notificações NIS2 — Prazos e Estado de Cumprimento
A2: ID Incidente | B2: Data Detecção | C2: Prazo 24h (CNCS) | D2: Notif. 24h Efetuada | E2: Prazo 72h (CNCS) | F2: Notif. 72h Efetuada | G2: Prazo 30 dias | H2: Relatório Final
A3: INC-2026-001 | B3: 2026-01-05 | C3: =B3+1/24 | D3: Sim | E3: =B3+3/24 | F3: Sim | G3: =B3+30 | H3: Sim
A4: INC-2026-002 | B4: 2026-01-18 | C4: =B4+1/24 | D4: Sim | E4: =B4+3/24 | F4: Sim | G4: =B4+30 | H4: Sim
A5: INC-2026-003 | B5: 2026-01-25 | C5: =B5+1/24 | D5: Sim | E5: =B5+3/24 | F5: Sim | G5: =B5+30 | H5: Sim
A6: INC-2026-004 | B6: 2026-02-02 | C6: =B6+1/24 | D6: Sim | E6: =B6+3/24 | F6: Sim | G6: =B6+30 | H6: Sim
A7: INC-2026-005 | B7: 2026-02-10 | C7: =B7+1/24 | D7: Sim | E7: =B7+3/24 | F7: Sim | G7: =B7+30 | H7: Sim
A8: INC-2026-006 | B8: 2026-02-20 | C8: =B8+1/24 | D8: Sim | E8: =B8+3/24 | F8: Sim | G8: =B8+30 | H8: Sim
A9: INC-2026-008 | B9: 2026-03-12 | C9: =B9+1/24 | D9: Sim | E9: =B9+3/24 | F9: Sim | G9: =B9+30 | H9: Sim
A10: INC-2026-011 | B10: 2026-04-05 | C10: =B10+1/24 | D10: Sim | E10: =B10+3/24 | F10: Em curso | G10: =B10+30 | H10: Pendente
A11: INC-2026-013 | B11: 2026-04-10 | C11: =B11+1/24 | D11: Sim | E11: =B11+3/24 | F11: Sim | G11: =B11+30 | H11: Pendente
A12: INC-2026-016 | B12: 2026-04-15 | C12: =B12+1/24 | D12: Pendente | E12: =B12+3/24 | F12: Pendente | G12: =B12+30 | H12: Pendente
